Team,Elo,K
Falkenbergs FF,1500.0,31.0
Falkenbergs FF,1514.3528000084657,30.0
Falkenbergs FF,1513.1824545044421,29.0
Falkenbergs FF,1526.5194310801824,28.0
Falkenbergs FF,1539.8542410921361,29.0
Falkenbergs FF,1538.3385917854696,28.0
Falkenbergs FF,1523.9800852239368,27.0
Falkenbergs FF,1537.5724824760564,26.0
Falkenbergs FF,1549.4898205304294,27.0
Falkenbergs FF,1562.6802474825893,28.0
Falkenbergs FF,1544.0820722398553,27.0
Falkenbergs FF,1541.2328603605883,26.0
