Team,Elo,K
GIF Sundsvall,1515.0,29.0
GIF Sundsvall,1499.2510717313558,28.0
GIF Sundsvall,1485.2551708964909,29.0
GIF Sundsvall,1471.9181943207507,30.0
GIF Sundsvall,1457.5293009022837,31.0
GIF Sundsvall,1443.2613844431767,32.0
GIF Sundsvall,1428.4098252128147,33.0
GIF Sundsvall,1447.7418709869305,32.0
GIF Sundsvall,1436.7463024967055,31.0
GIF Sundsvall,1421.689301825027,32.0
GIF Sundsvall,1438.8762090376126,31.0
