Team,Elo,K,last_result,points
GIF Sundsvall,1516.804504356957,29.0,1,3
GIF Sundsvall,1505.2670890590239,28.0,0,0
GIF Sundsvall,1492.85991403117,29.0,0,0
GIF Sundsvall,1478.8845506684406,30.0,0,0
GIF Sundsvall,1466.1845524579012,31.0,0,0
GIF Sundsvall,1453.7620662058457,32.0,0,0
GIF Sundsvall,1439.4127167443805,33.0,0,0
GIF Sundsvall,1460.503804115496,32.0,1,3
GIF Sundsvall,1443.327808301322,31.0,0,0
GIF Sundsvall,1430.3328800125444,32.0,0,0
GIF Sundsvall,1443.2794235820493,31.0,1,3
