Team,Elo,K,last_result,points
GIF Sundsvall,1513.195495643043,29.0,1,3
GIF Sundsvall,1498.194882434504,28.0,0,0
GIF Sundsvall,1482.413926472793,29.0,0,0
GIF Sundsvall,1464.983645646689,30.0,0,0
GIF Sundsvall,1448.6678986513407,31.0,0,0
GIF Sundsvall,1432.534548855453,32.0,0,0
GIF Sundsvall,1414.4613905578262,33.0,0,0
GIF Sundsvall,1431.8642239441263,32.0,1,3
GIF Sundsvall,1411.2466099505384,31.0,0,0
GIF Sundsvall,1394.5384855169398,32.0,0,0
GIF Sundsvall,1404.0466589852508,31.0,1,3
