Team,Elo,K
Helsingborgs IF,1515.0,29.0
Helsingborgs IF,1499.2510717313558,28.0
Helsingborgs IF,1513.835013709843,27.0
Helsingborgs IF,1497.5152333333433,26.0
Helsingborgs IF,1511.0882755645102,25.0
Helsingborgs IF,1510.1685939734898,24.0
Helsingborgs IF,1509.8089739743693,25.0
Helsingborgs IF,1497.5849684661698,24.0
Helsingborgs IF,1510.0562580461042,23.0
Helsingborgs IF,1497.2071972667457,22.0
Helsingborgs IF,1484.6742198000977,23.0
