Team,Elo,K
IFK Norrköping,1515.0,29.0
IFK Norrköping,1529.3528000084657,30.0
IFK Norrköping,1514.202109257326,29.0
IFK Norrköping,1498.539897503329,30.0
IFK Norrköping,1485.2050874913753,31.0
IFK Norrköping,1499.4730039504823,30.0
IFK Norrköping,1500.6412525962921,29.0
IFK Norrköping,1500.63323689633,30.0
IFK Norrköping,1514.0904129092396,29.0
IFK Norrköping,1526.9394736885981,30.0
IFK Norrköping,1540.9908243011505,31.0
