Team,Elo,K,last_result,points
IFK Värnamo,1483.195495643043,29.0,0,0
IFK Värnamo,1497.194882434504,28.0,1,3
IFK Värnamo,1510.451611539091,29.0,1,3
IFK Värnamo,1522.509434085604,30.0,1,3
IFK Värnamo,1508.0335310916248,29.0,0,0
IFK Värnamo,1493.0232081925267,30.0,0,0
IFK Värnamo,1477.8753951804006,31.0,0,0
IFK Värnamo,1475.6937771092485,30.0,0.5,1
IFK Värnamo,1457.9000778918776,29.0,0,0
IFK Värnamo,1444.93584771872,30.0,0,0
IFK Värnamo,1428.3795765126226,31.0,0,0
