Team,Elo,K,last_result,points
IFK Värnamo,1486.804504356957,29.0,0,0
IFK Värnamo,1504.2670890590239,28.0,1,3
IFK Värnamo,1521.1268493005584,29.0,1,3
IFK Värnamo,1536.6649483388333,30.0,1,3
IFK Värnamo,1525.645287412835,29.0,0,0
IFK Värnamo,1514.022839214273,30.0,0,0
IFK Värnamo,1502.202275031263,31.0,0,0
IFK Värnamo,1503.8804560782457,30.0,0.5,1
IFK Värnamo,1489.40654069412,29.0,0,0
IFK Värnamo,1479.5573809899827,30.0,0,0
IFK Värnamo,1466.238589259243,31.0,0,0
