Team,Elo,K
IFK Värnamo,1485.0,29.0
IFK Värnamo,1500.7489282686442,28.0
IFK Värnamo,1515.6886528908276,29.0
IFK Värnamo,1529.531143180388,30.0
IFK Värnamo,1513.214649892953,29.0
IFK Värnamo,1498.7529487500462,30.0
IFK Värnamo,1485.296215006127,31.0
IFK Värnamo,1485.501012764506,30.0
IFK Värnamo,1473.583674710133,29.0
IFK Värnamo,1462.0419556018762,30.0
IFK Värnamo,1450.064060720791,31.0
