Team,Elo,K,last_result,points
IK Brage,1516.804504356957,29.0,1,3
IK Brage,1502.9678471186721,28.0,0,0
IK Brage,1518.5606720908183,27.0,1,3
IK Brage,1519.6360461357697,26.0,0.5,1
IK Brage,1508.5366583960435,25.0,0,0
IK Brage,1521.963453485878,24.0,1,3
IK Brage,1510.7149695906107,23.0,0,0
IK Brage,1512.4560684368753,22.0,0.5,1
IK Brage,1501.2666887239175,21.0,0,0
IK Brage,1502.133186671043,20.0,0.5,1
IK Brage,1502.7247168377148,21.0,0.5,1
IK Brage,1491.5198591936544,20.0,0,0
