Team,Elo,K
IK Brage,1515.0,29.0
IK Brage,1499.3528000084657,28.0
IK Brage,1513.3487008433306,27.0
IK Brage,1512.840184495566,26.0
IK Brage,1499.2671422643991,25.0
IK Brage,1513.2747142363303,24.0
IK Brage,1500.4270264606994,23.0
IK Brage,1500.4350421606616,22.0
IK Brage,1488.8607478223282,21.0
IK Brage,1489.13798694301,20.0
IK Brage,1488.117794394619,21.0
