Team,Elo,K
IK Oddevold,1500.0,31.0
IK Oddevold,1515.6471999915343,30.0
IK Oddevold,1499.9232018496386,29.0
IK Oddevold,1486.0807115600783,30.0
IK Oddevold,1500.4696049785452,29.0
IK Oddevold,1500.5550039150398,28.0
IK Oddevold,1500.9146239141605,29.0
IK Oddevold,1515.3760030583676,28.0
IK Oddevold,1529.3763465071445,29.0
IK Oddevold,1516.1859195549846,28.0
IK Oddevold,1502.1345689424322,29.0
