Team,Elo,K
Landskrona BoIS,1485.0,29.0
Landskrona BoIS,1470.6471999915343,30.0
Landskrona BoIS,1486.2943999830686,29.0
Landskrona BoIS,1501.9566117370655,30.0
Landskrona BoIS,1502.5158789492045,29.0
Landskrona BoIS,1502.43048001271,30.0
Landskrona BoIS,1501.8383569534005,31.0
Landskrona BoIS,1482.5063111792847,30.0
Landskrona BoIS,1496.5678306261646,29.0
Landskrona BoIS,1496.2905915054828,28.0
Landskrona BoIS,1508.8235689721307,27.0
