Team,Elo,K
Ljungskile SK,1500.0,31.0
Ljungskile SK,1485.6471999915343,30.0
Ljungskile SK,1470.0,31.0
Ljungskile SK,1486.3197803764997,30.0
Ljungskile SK,1472.8936214762207,29.0
Ljungskile SK,1457.8048017659958,30.0
Ljungskile SK,1472.6563609963578,29.0
Ljungskile SK,1487.7803675058958,30.0
Ljungskile SK,1471.8613450227983,29.0
Ljungskile SK,1460.7186777911838,30.0
Ljungskile SK,1461.7388703395748,29.0
Ljungskile SK,1464.136150266644,30.0
