Team,Elo,K
Nordic United FC,1485.0,29.0
Nordic United FC,1500.7489282686442,28.0
Nordic United FC,1486.1407834609142,27.0
Nordic United FC,1500.5686792734527,26.0
Nordic United FC,1513.9948381737318,27.0
Nordic United FC,1527.5263038448925,28.0
Nordic United FC,1526.3580551990826,27.0
Nordic United FC,1512.765657946963,26.0
Nordic United FC,1524.3399522852965,25.0
Nordic United FC,1535.8816713935532,26.0
Nordic United FC,1535.5334845577474,25.0
