Team,Elo,K
Norrby IF,1485.0,29.0
Norrby IF,1486.2489282686442,28.0
Norrby IF,1487.4192737726678,29.0
Norrby IF,1489.0829227213565,30.0
Norrby IF,1488.2317800652793,31.0
Norrby IF,1489.1514616562997,32.0
Norrby IF,1489.7435847156091,33.0
Norrby IF,1489.5387869572303,34.0
Norrby IF,1505.4578094403278,33.0
Norrby IF,1490.1496744813753,32.0
Norrby IF,1477.9354507571197,33.0
Norrby IF,1463.513293617,34.0
