Team,Elo,K,last_result,points
Norrby IF,1486.804504356957,29.0,0,0
Norrby IF,1487.305117565496,28.0,0.5,1
Norrby IF,1490.3451352245154,29.0,0.5,1
Norrby IF,1490.1735497810462,30.0,0.5,1
Norrby IF,1492.616325112507,31.0,0.5,1
Norrby IF,1495.5830834359513,32.0,0.5,1
Norrby IF,1496.778034211629,33.0,0.5,1
Norrby IF,1498.4562152586116,34.0,0.5,1
Norrby IF,1516.4598989574522,33.0,1,3
Norrby IF,1504.3779113416442,32.0,0,0
Norrby IF,1487.1410084589334,33.0,0,0
Norrby IF,1474.8056134913177,34.0,0,0
