Team,Elo,K,last_result,points
Norrby IF,1483.195495643043,29.0,0,0
Norrby IF,1480.2329109409761,28.0,0.5,1
Norrby IF,1479.8073111692956,29.0,0.5,1
Norrby IF,1476.3263568596738,30.0,0.5,1
Norrby IF,1475.066033437498,31.0,0.5,1
Norrby IF,1474.7167743693126,32.0,0.5,1
Norrby IF,1472.2052597658349,33.0,0.5,1
Norrby IF,1470.0236416946827,34.0,0.5,1
Norrby IF,1484.1910914493296,33.0,1,3
Norrby IF,1468.5486934557566,32.0,0,0
Norrby IF,1447.676482508678,33.0,0,0
Norrby IF,1431.7202891905617,34.0,0,0
