Team,Elo,K
Sandvikens IF,1500.0,31.0
Sandvikens IF,1499.3528000084657,32.0
Sandvikens IF,1484.4130753862823,31.0
Sandvikens IF,1469.9851795737438,32.0
Sandvikens IF,1470.836322229821,31.0
Sandvikens IF,1485.925141940046,30.0
Sandvikens IF,1472.5431925638027,29.0
Sandvikens IF,1460.7404451537786,30.0
Sandvikens IF,1446.6789257068988,31.0
Sandvikens IF,1461.7359263785772,30.0
Sandvikens IF,1480.3341016213112,31.0
