Team,Elo,K,last_result,points
Varbergs BoIS,1486.804504356957,29.0,0,0
Varbergs BoIS,1487.9678471186721,28.0,0.5,1
Varbergs BoIS,1504.2952263613881,27.0,1,3
Varbergs BoIS,1505.3706004063395,26.0,0.5,1
Varbergs BoIS,1508.064742389826,27.0,0.5,1
Varbergs BoIS,1524.4422941912642,26.0,1,3
Varbergs BoIS,1538.3629430593298,27.0,1,3
Varbergs BoIS,1553.2631139104985,28.0,1,3
Varbergs BoIS,1566.0871180963245,29.0,1,3
Varbergs BoIS,1585.4751354539221,30.0,1,3
Varbergs BoIS,1599.2382325712113,31.0,1,3
