Team,Elo,K,last_result,points
Varbergs BoIS,1483.195495643043,29.0,0,0
Varbergs BoIS,1480.7564512919755,28.0,0.5,1
Varbergs BoIS,1493.7282961782553,27.0,1,3
Varbergs BoIS,1491.5616437907975,26.0,0.5,1
Varbergs BoIS,1491.1502028287453,27.0,0.5,1
Varbergs BoIS,1504.1398799296471,26.0,1,3
Varbergs BoIS,1514.8617496994061,27.0,1,3
Varbergs BoIS,1526.6342670962506,28.0,1,3
Varbergs BoIS,1536.0166531026628,29.0,1,3
Varbergs BoIS,1552.1702167789988,30.0,1,3
Varbergs BoIS,1562.2980058319201,31.0,1,3
