Team,Elo,K
Varbergs BoIS,1485.0,29.0
Varbergs BoIS,1485.6471999915343,28.0
Varbergs BoIS,1500.2553447992643,27.0
Varbergs BoIS,1500.7638611470288,26.0
Varbergs BoIS,1501.7525356835858,27.0
Varbergs BoIS,1516.2142368264927,26.0
Varbergs BoIS,1530.5727433880252,27.0
Varbergs BoIS,1542.7967488962247,28.0
Varbergs BoIS,1553.7923173864497,29.0
Varbergs BoIS,1564.9349846180642,30.0
Varbergs BoIS,1577.1492083423198,31.0
