Team,Elo,K,last_result,points
Örebro SK,1516.804504356957,29.0,1,3
Örebro SK,1519.7670890590239,28.0,0.5,1
Örebro SK,1536.6035548135437,27.0,1,3
Örebro SK,1536.4319693700745,26.0,0.5,1
Örebro SK,1539.126111353561,27.0,0.5,1
Örebro SK,1526.5529064433956,26.0,0,0
Örebro SK,1542.7323422603856,25.0,1,3
Örebro SK,1532.0720724568032,24.0,0,0
Örebro SK,1521.0384789072077,25.0,0,0
Örebro SK,1509.6987666032223,26.0,0,0
Örebro SK,1493.6453101727272,27.0,0,0
Örebro SK,1492.0394422396707,26.0,0.5,1
