Team,Elo,K,last_result,points
Örebro SK,1513.195495643043,29.0,1,3
Örebro SK,1512.694882434504,28.0,0.5,1
Örebro SK,1526.0428296397567,27.0,1,3
Örebro SK,1522.5618753301349,26.0,0.5,1
Örebro SK,1522.1504343680826,27.0,0.5,1
Örebro SK,1506.474048219051,26.0,0,0
Örebro SK,1519.3262352069248,25.0,1,3
Örebro SK,1505.4841434269165,24.0,0,0
Örebro SK,1491.568353651539,25.0,0,0
Örebro SK,1477.2406620182855,26.0,0,0
Örebro SK,1457.7488354865966,27.0,0,0
Örebro SK,1453.1166539177418,26.0,0.5,1
