Team,Elo,K
Örebro SK,1515.0,29.0
Örebro SK,1513.7510717313558,28.0
Örebro SK,1528.9017624824955,27.0
Örebro SK,1527.2381135338069,26.0
Örebro SK,1526.2494389972499,27.0
Örebro SK,1512.2418670253187,26.0
Örebro SK,1525.6986007692378,25.0
Örebro SK,1511.2372216250308,24.0
Örebro SK,1498.7659320450964,25.0
Örebro SK,1486.8229486815048,26.0
Örebro SK,1469.6360414689193,27.0
