Team,Elo,K
Östers IF,1485.0,29.0
Östers IF,1486.2489282686442,28.0
Östers IF,1501.97292641054,27.0
Östers IF,1515.3639063992418,28.0
Östers IF,1514.8046391871028,27.0
Östers IF,1501.273173515942,26.0
Östers IF,1514.6551228921853,25.0
Östers IF,1499.5311163826473,24.0
Östers IF,1486.0739403697376,25.0
Östers IF,1501.38207532869,24.0
Östers IF,1513.3599702097752,25.0
