Team,Elo,K,last_result,points
Östers IF,1486.804504356957,29.0,0,0
Östers IF,1489.7670890590239,28.0,0.5,1
Östers IF,1504.8426888857591,27.0,1,3
Östers IF,1519.9905760624017,28.0,1,3
Östers IF,1522.280166030496,27.0,0.5,1
Östers IF,1510.3014316452263,26.0,0,0
Östers IF,1525.4294807581791,25.0,1,3
Östers IF,1512.0516270331225,24.0,0,0
Östers IF,1499.9755180389109,25.0,0,0
Östers IF,1516.893530423103,24.0,1,3
Östers IF,1530.5747386923633,25.0,1,3
