Team,Elo,K,last_result,points
Östers IF,1483.195495643043,29.0,0,0
Östers IF,1482.694882434504,28.0,0.5,1
Östers IF,1494.3099074255972,27.0,1,3
Östers IF,1506.2133806364222,28.0,1,3
Östers IF,1505.0401936875874,27.0,0.5,1
Östers IF,1489.8151939495594,26.0,0,0
Östers IF,1501.536003629004,25.0,1,3
Östers IF,1484.9128959074835,24.0,0,0
Östers IF,1469.6210243157618,25.0,0,0
Östers IF,1482.9786263221888,24.0,1,3
Östers IF,1493.4223551160915,25.0,1,3
