Team,Elo,K
Östersunds FK,1515.0,29.0
Östersunds FK,1513.7510717313558,28.0
Östersunds FK,1499.1671297528685,27.0
Östersunds FK,1485.7761497641666,28.0
Östersunds FK,1502.0926430516015,27.0
Östersunds FK,1503.608292358268,26.0
Östersunds FK,1516.455980133899,25.0
Östersunds FK,1528.258727543923,26.0
Östersunds FK,1514.258384095146,25.0
Östersunds FK,1526.2013674587376,24.0
Östersunds FK,1526.5495542945434,23.0
Östersunds FK,1524.152274367474,24.0
